-- phpMyAdmin SQL Dump
-- version 5.2.0
-- https://www.phpmyadmin.net/
--
-- Hôte : 127.0.0.1:3306
-- Généré le : ven. 10 nov. 2023 à 07:01
-- Version du serveur : 8.0.31
-- Version de PHP : 8.0.26

SET SQL_MODE = "NO_AUTO_VALUE_ON_ZERO";
START TRANSACTION;
SET time_zone = "+00:00";

--
-- Base de données : `idaw_projet-food_tracker`
--
-- --------------------------------------------------------

--
-- Structure de la table `aliments`
--

DROP TABLE IF EXISTS `aliments`;
CREATE TABLE IF NOT EXISTS `aliments` (
  `id_aliment` int NOT NULL AUTO_INCREMENT,
  `nom_aliment` varchar(100) DEFAULT NULL,
  PRIMARY KEY (`id_aliment`),
  KEY `nom_aliment` (`nom_aliment`(3))
)  ;

--
-- Déchargement des données de la table `aliments`
--

INSERT INTO `aliments` (`id_aliment`, `nom_aliment`) VALUES
(1, 'Pomme'),
(2, 'Poulet'),
(3, 'Riz'),
(4, 'Carotte'),
(5, 'Saumon'),
(6, 'Brocoli'),
(7, 'Banane'),
(8, 'Boeuf'),
(9, 'Pain'),
(10, 'Tomate'),
(11, 'Pâtes'),
(12, 'Poire'),
(13, 'Thon'),
(14, 'Courgette'),
(15, 'Fromage'),
(16, 'Lait'),
(17, 'Haricots'),
(18, 'Cerise'),
(19, 'Chocolat'),
(20, 'Amandes'),
(21, 'Salade de poulet'),
(22, 'Pizza au fromage'),
(23, 'Salade de fruits'),
(24, 'Sandwich au thon'),
(25, 'Hamburger');

-- --------------------------------------------------------

--
-- Structure de la table `aliment_categories`
--

DROP TABLE IF EXISTS `aliment_categories`;
CREATE TABLE IF NOT EXISTS `aliment_categories` (
  `id_aliment` int NOT NULL,
  `id_categorie` int NOT NULL DEFAULT '0',
  PRIMARY KEY (`id_aliment`,`id_categorie`),
  KEY `id_categorie` (`id_categorie`)
) ;

--
-- Déchargement des données de la table `aliment_categories`
--

INSERT INTO `aliment_categories` (`id_aliment`, `id_categorie`) VALUES
(1, 7),
(2, 86),
(8, 86),
(4, 87),
(6, 87),
(10, 87),
(14, 87),
(7, 88),
(12, 88),
(18, 88),
(15, 89),
(16, 89),
(3, 90),
(5, 91),
(11, 95),
(13, 96),
(20, 97),
(17, 98),
(19, 100),
(9, 101),
(21, 102),
(22, 103),
(23, 104),
(24, 105),
(25, 106);

-- --------------------------------------------------------

--
-- Structure de la table `categories`
--

DROP TABLE IF EXISTS `categories`;
CREATE TABLE IF NOT EXISTS `categories` (
  `id_categorie` int NOT NULL AUTO_INCREMENT,
  `nom_categorie` varchar(100) NOT NULL,
  PRIMARY KEY (`id_categorie`)
);

--
-- Déchargement des données de la table `categories`
--

INSERT INTO `categories` (`id_categorie`, `nom_categorie`) VALUES
(0, 'Aucune'),
(1, 'France'),
(2, 'Allemagne'),
(3, 'Espagne'),
(4, 'Italie'),
(5, 'États-Unis'),
(6, 'Canada'),
(7, 'Royaume-Uni'),
(9, 'Australie'),
(13, 'Mexique'),
(15, 'Russie'),
(17, 'Nouvelle-Zélande'),
(18, 'Suède'),
(19, 'Norvège'),
(21, 'Brésil'),
(22, 'Argentine'),
(23, 'Pérou'),
(24, 'Colombie'),
(25, 'Venezuela'),
(26, 'Chili'),
(27, 'Équateur'),
(28, 'Bolivie'),
(29, 'Paraguay'),
(30, 'Uruguay'),
(31, 'Chine'),
(32, 'Inde'),
(33, 'Japon'),
(34, 'Corée du Sud'),
(41, 'Arabie saoudite'),
(42, 'Israël'),
(43, 'Émirats arabes unis'),
(44, 'Qatar'),
(45, 'Turquie'),
(46, 'Iran'),
(47, 'Irak'),
(48, 'Koweït'),
(49, 'Liban'),
(50, 'Jordanie'),
(51, 'Nigéria'),
(52, 'Égypte'),
(53, 'Afrique du Sud'),
(54, 'Kenya'),
(55, 'Ghana'),
(56, 'Sénégal'),
(59, 'Maroc'),
(60, 'Tunisie'),
(61, 'Thaïlande'),
(62, 'Vietnam'),
(63, 'Indonésie'),
(64, 'Malaisie'),
(65, 'Singapour'),
(69, 'Philippines'),
(70, 'Brunei'),
(71, 'Bangladesh'),
(72, 'Pakistan'),
(73, 'Sri Lanka'),
(74, 'Népal'),
(75, 'Cambodge'),
(76, 'Laos'),
(77, 'Myanmar (Birmanie)'),
(78, 'Mongolie'),
(79, 'Madagascar'),
(80, 'Ouganda'),
(81, 'Tanzanie'),
(82, 'Rwanda'),
(83, 'Honduras'),
(84, 'Nicaragua'),
(85, 'Éthiopie'),
(86, 'Viandes'),
(87, 'Légumes'),
(88, 'Fruits'),
(89, 'Produits laitiers'),
(90, 'Céréales'),
(91, 'Poissons'),
(92, 'Boissons'),
(93, 'Desserts'),
(94, 'Soupes'),
(95, 'Pâtes'),
(96, 'Fruits de mer'),
(97, 'Noix et graines'),
(98, 'Légumineuses'),
(99, 'Condiments'),
(100, 'Collations'),
(101, 'Produits de boulangerie'),
(102, 'Salades'),
(103, 'Pizzas'),
(104, 'Salades de fruits'),
(105, 'Sandwiches'),
(106, 'Burgers');

-- --------------------------------------------------------

--
-- Structure de la table `composition_aliment`
--

DROP TABLE IF EXISTS `composition_aliment`;
CREATE TABLE IF NOT EXISTS `composition_aliment` (
  `id_aliment_parent` int DEFAULT NULL,
  `id_aliment_compose` int DEFAULT NULL,
  `pourcentage_aliment` decimal(5,2) DEFAULT NULL,
  KEY `id_aliment_parent` (`id_aliment_parent`),
  KEY `id_aliment_compose` (`id_aliment_compose`)
) ;

--
-- Déchargement des données de la table `composition_aliment`
--

INSERT INTO `composition_aliment` (`id_aliment_parent`, `id_aliment_compose`, `pourcentage_aliment`) VALUES
(21, 2, '50.00'),
(21, 6, '50.00'),
(22, 9, '40.00'),
(22, 15, '30.00'),
(22, 10, '30.00'),
(23, 7, '40.00'),
(23, 1, '40.00'),
(23, 18, '20.00'),
(24, 13, '40.00'),
(24, 9, '30.00'),
(24, 10, '30.00'),
(25, 8, '40.00'),
(25, 9, '20.00'),
(25, 15, '20.00'),
(25, 10, '20.00');

-- --------------------------------------------------------

--
-- Structure de la table `composition_repas`
--

DROP TABLE IF EXISTS `composition_repas`;
CREATE TABLE IF NOT EXISTS `composition_repas` (
  `id_repas` int DEFAULT NULL,
  `id_aliment` int DEFAULT NULL,
  `quantite` decimal(5,2) DEFAULT NULL,
  KEY `id_repas` (`id_repas`),
  KEY `id_aliment` (`id_aliment`)
) ;

--
-- Déchargement des données de la table `composition_repas`
--

INSERT INTO `composition_repas` (`id_repas`, `id_aliment`, `quantite`) VALUES
(1, 1, '200.00'),
(1, 2, '150.00'),
(1, 10, '100.00'),
(2, 4, '100.00'),
(2, 6, '75.00'),
(2, 13, '120.00'),
(3, 5, '180.00'),
(3, 7, '90.00'),
(3, 11, '160.00'),
(1, 25, '42.00'),
(1, 24, '242.00'),
(4, 13, '16.00'),
(5, 20, '19.00'),
(6, 8, '81.00'),
(7, 6, '71.00'),
(8, 5, '36.00'),
(9, 2, '69.00'),
(10, 25, '20.00'),
(11, 22, '10.00'),
(12, 24, '13.00'),
(13, 21, '62.00'),
(14, 5, '2.00'),
(15, 22, '51.00'),
(16, 12, '35.00'),
(17, 14, '82.00'),
(18, 18, '18.00'),
(19, 12, '90.00'),
(20, 21, '75.00'),
(21, 9, '80.00'),
(22, 7, '54.00'),
(23, 19, '5.00'),
(24, 4, '59.00'),
(25, 14, '37.00'),
(26, 20, '44.00'),
(27, 16, '69.00'),
(28, 23, '76.00'),
(29, 2, '7.00'),
(30, 18, '93.00'),
(31, 25, '33.00'),
(32, 3, '66.00'),
(33, 25, '91.00'),
(34, 10, '5.00'),
(35, 8, '17.00'),
(36, 12, '28.00'),
(37, 10, '70.00'),
(38, 20, '83.00'),
(39, 9, '46.00'),
(40, 18, '80.00'),
(41, 5, '16.00'),
(42, 21, '25.00'),
(43, 10, '39.00'),
(44, 1, '52.00'),
(45, 6, '38.00'),
(46, 7, '53.00'),
(47, 12, '80.00'),
(48, 23, '45.00'),
(49, 14, '2.00'),
(50, 5, '57.00'),
(51, 19, '84.00'),
(52, 7, '41.00'),
(53, 4, '88.00'),
(54, 7, '28.00'),
(55, 13, '55.00'),
(56, 9, '20.00'),
(57, 23, '88.00'),
(58, 13, '62.00'),
(59, 2, '61.00'),
(60, 5, '52.00'),
(61, 16, '2.00'),
(62, 25, '32.00'),
(63, 3, '61.00'),
(64, 1, '74.00'),
(65, 3, '44.00'),
(66, 11, '30.00'),
(67, 1, '60.00'),
(68, 16, '40.00'),
(69, 16, '61.00'),
(70, 1, '65.00'),
(71, 19, '28.00'),
(72, 24, '22.00'),
(73, 19, '91.00'),
(74, 20, '96.00'),
(75, 13, '9.00'),
(76, 9, '91.00'),
(77, 25, '26.00'),
(78, 25, '78.00'),
(79, 17, '30.00'),
(80, 16, '64.00'),
(81, 14, '80.00'),
(82, 16, '84.00'),
(83, 7, '17.00'),
(84, 24, '46.00'),
(85, 23, '21.00'),
(86, 19, '94.00'),
(87, 9, '47.00'),
(88, 23, '82.00'),
(89, 3, '52.00'),
(90, 25, '92.00'),
(91, 17, '34.00'),
(92, 6, '13.00'),
(93, 14, '70.00'),
(94, 12, '56.00'),
(95, 11, '84.00'),
(96, 5, '9.00'),
(97, 6, '44.00'),
(98, 4, '23.00'),
(99, 22, '19.00'),
(100, 4, '61.00'),
(101, 13, '43.00'),
(102, 5, '76.00'),
(103, 3, '70.00'),
(104, 20, '40.00'),
(105, 1, '11.00'),
(106, 5, '40.00'),
(107, 3, '19.00'),
(108, 8, '86.00'),
(109, 1, '12.00'),
(110, 10, '35.00'),
(111, 17, '60.00'),
(112, 11, '4.00'),
(113, 10, '13.00'),
(114, 7, '72.00'),
(115, 20, '60.00'),
(116, 8, '66.00'),
(117, 22, '21.00'),
(118, 17, '90.00'),
(119, 21, '64.00'),
(120, 14, '68.00'),
(121, 18, '21.00'),
(122, 6, '18.00'),
(123, 17, '57.00'),
(124, 15, '38.00'),
(125, 10, '58.00'),
(126, 1, '79.00'),
(127, 4, '3.00'),
(128, 10, '79.00'),
(129, 18, '12.00'),
(130, 23, '16.00'),
(131, 21, '89.00'),
(132, 9, '74.00'),
(133, 1, '11.00'),
(134, 5, '34.00'),
(135, 22, '87.00'),
(136, 22, '26.00'),
(137, 18, '43.00'),
(138, 21, '8.00'),
(139, 5, '35.00'),
(140, 16, '72.00'),
(141, 10, '81.00'),
(142, 1, '48.00'),
(143, 2, '41.00'),
(144, 24, '19.00'),
(145, 4, '21.00'),
(146, 16, '24.00'),
(147, 14, '1.00'),
(148, 20, '90.00'),
(149, 19, '45.00'),
(150, 17, '27.00'),
(151, 25, '88.00'),
(152, 10, '72.00'),
(153, 1, '75.00'),
(154, 6, '7.00'),
(155, 3, '53.00'),
(156, 2, '25.00'),
(157, 18, '19.00'),
(158, 19, '11.00'),
(159, 6, '23.00'),
(160, 13, '21.00'),
(161, 24, '16.00'),
(162, 9, '76.00'),
(163, 19, '31.00'),
(164, 13, '71.00'),
(165, 19, '88.00'),
(166, 24, '44.00'),
(167, 7, '32.00'),
(168, 6, '67.00'),
(169, 3, '64.00'),
(170, 14, '5.00'),
(171, 20, '12.00'),
(172, 1, '26.00'),
(173, 11, '38.00'),
(174, 24, '85.00'),
(175, 13, '27.00'),
(176, 10, '43.00'),
(177, 15, '94.00'),
(178, 2, '46.00'),
(179, 19, '73.00'),
(180, 15, '85.00'),
(181, 21, '68.00'),
(182, 18, '66.00'),
(183, 25, '41.00'),
(184, 1, '88.00'),
(185, 8, '33.00'),
(186, 16, '98.00'),
(187, 2, '27.00'),
(188, 2, '74.00'),
(189, 11, '45.00'),
(190, 21, '9.00'),
(191, 7, '64.00'),
(192, 22, '18.00'),
(193, 7, '28.00'),
(194, 24, '12.00'),
(195, 4, '61.00'),
(196, 4, '97.00'),
(197, 1, '94.00'),
(198, 10, '4.00'),
(199, 23, '43.00'),
(200, 5, '35.00'),
(201, 4, '95.00'),
(202, 23, '42.00'),
(203, 20, '65.00'),
(204, 17, '63.00'),
(205, 12, '16.00'),
(206, 11, '92.00'),
(207, 24, '62.00'),
(208, 19, '75.00'),
(209, 8, '90.00'),
(210, 13, '56.00'),
(211, 20, '98.00'),
(212, 23, '82.00'),
(213, 10, '73.00'),
(214, 15, '19.00'),
(215, 16, '39.00'),
(216, 5, '76.00'),
(217, 20, '21.00'),
(218, 3, '30.00'),
(219, 23, '1.00'),
(220, 19, '60.00'),
(221, 3, '21.00'),
(222, 25, '68.00'),
(223, 9, '36.00'),
(224, 12, '11.00'),
(225, 16, '47.00'),
(226, 7, '75.00'),
(227, 10, '20.00'),
(228, 11, '64.00'),
(229, 24, '78.00'),
(230, 2, '6.00'),
(231, 8, '19.00'),
(232, 19, '61.00'),
(233, 23, '36.00'),
(234, 25, '96.00'),
(235, 1, '78.00'),
(236, 17, '99.00'),
(237, 14, '3.00'),
(238, 11, '62.00'),
(239, 3, '22.00'),
(240, 2, '100.00'),
(241, 5, '36.00'),
(242, 6, '40.00'),
(243, 7, '48.00'),
(244, 11, '39.00'),
(245, 5, '87.00'),
(246, 13, '12.00'),
(247, 19, '72.00'),
(248, 13, '44.00'),
(249, 8, '38.00'),
(250, 15, '10.00'),
(251, 10, '69.00'),
(252, 9, '93.00'),
(253, 2, '60.00'),
(254, 6, '71.00'),
(255, 3, '98.00'),
(256, 1, '27.00'),
(257, 17, '45.00'),
(258, 20, '18.00'),
(259, 8, '80.00'),
(260, 2, '99.00'),
(261, 25, '48.00'),
(262, 1, '55.00'),
(263, 2, '100.00'),
(264, 5, '47.00'),
(265, 10, '67.00'),
(266, 23, '91.00'),
(267, 15, '32.00'),
(268, 8, '96.00'),
(269, 12, '68.00'),
(270, 2, '20.00'),
(271, 13, '2.00'),
(272, 2, '38.00'),
(273, 15, '74.00'),
(274, 7, '66.00'),
(275, 9, '25.00'),
(276, 14, '94.00'),
(277, 12, '12.00'),
(278, 18, '80.00'),
(279, 6, '41.00'),
(280, 11, '18.00'),
(281, 11, '30.00'),
(282, 8, '75.00'),
(283, 24, '27.00'),
(284, 14, '29.00'),
(285, 5, '54.00'),
(286, 25, '53.00'),
(287, 25, '73.00'),
(288, 11, '97.00'),
(289, 20, '22.00'),
(290, 9, '39.00'),
(291, 3, '100.00'),
(292, 4, '92.00'),
(293, 17, '8.00'),
(294, 18, '39.00'),
(295, 23, '15.00'),
(296, 9, '78.00'),
(297, 5, '19.00'),
(298, 10, '75.00'),
(299, 17, '55.00'),
(300, 5, '65.00'),
(301, 11, '17.00'),
(302, 1, '60.00'),
(303, 18, '86.00'),
(304, 6, '63.00'),
(305, 12, '82.00'),
(306, 8, '32.00'),
(307, 5, '98.00'),
(308, 1, '93.00'),
(309, 2, '54.00'),
(310, 2, '79.00'),
(311, 4, '52.00'),
(312, 12, '71.00'),
(313, 14, '39.00'),
(314, 5, '8.00'),
(315, 24, '23.00'),
(316, 21, '22.00'),
(317, 10, '10.00'),
(318, 11, '2.00'),
(319, 5, '37.00'),
(320, 9, '82.00'),
(321, 25, '63.00'),
(322, 3, '99.00'),
(323, 24, '94.00'),
(324, 13, '95.00'),
(325, 5, '37.00'),
(326, 1, '46.00'),
(327, 15, '42.00'),
(328, 5, '2.00'),
(329, 17, '77.00'),
(330, 17, '99.00'),
(331, 16, '42.00'),
(332, 17, '78.00'),
(333, 3, '76.00'),
(334, 12, '59.00'),
(335, 4, '99.00'),
(336, 12, '89.00'),
(337, 11, '7.00'),
(338, 4, '52.00'),
(339, 5, '50.00'),
(340, 3, '82.00'),
(341, 6, '87.00'),
(342, 20, '81.00'),
(343, 8, '33.00'),
(344, 13, '43.00'),
(345, 19, '92.00'),
(346, 25, '86.00'),
(347, 4, '63.00'),
(348, 21, '97.00'),
(349, 18, '47.00'),
(350, 2, '36.00'),
(351, 4, '73.00'),
(352, 24, '5.00'),
(353, 21, '94.00'),
(354, 8, '86.00'),
(355, 8, '43.00'),
(356, 19, '10.00'),
(357, 25, '21.00'),
(358, 13, '41.00'),
(359, 12, '70.00'),
(360, 12, '96.00'),
(361, 4, '49.00'),
(362, 15, '85.00'),
(363, 1, '63.00'),
(364, 8, '39.00'),
(365, 25, '88.00'),
(366, 11, '83.00'),
(367, 1, '42.00'),
(368, 18, '51.00'),
(369, 20, '51.00'),
(370, 11, '50.00'),
(371, 18, '72.00'),
(372, 14, '10.00'),
(373, 25, '26.00'),
(374, 7, '5.00'),
(375, 8, '99.00'),
(376, 9, '50.00'),
(377, 22, '85.00'),
(378, 21, '3.00'),
(379, 13, '30.00'),
(380, 3, '56.00'),
(381, 16, '79.00'),
(382, 18, '56.00'),
(383, 13, '54.00'),
(384, 14, '94.00'),
(385, 17, '11.00'),
(386, 3, '4.00'),
(387, 10, '26.00'),
(388, 19, '49.00'),
(389, 5, '62.00'),
(390, 12, '93.00'),
(391, 10, '27.00'),
(392, 23, '8.00'),
(393, 4, '65.00'),
(394, 5, '51.00'),
(395, 4, '91.00'),
(396, 19, '46.00'),
(397, 23, '28.00'),
(398, 19, '49.00'),
(399, 22, '58.00'),
(400, 13, '86.00'),
(401, 24, '60.00'),
(402, 24, '35.00'),
(403, 6, '55.00'),
(404, 18, '25.00'),
(405, 3, '99.00'),
(406, 4, '77.00'),
(407, 3, '12.00'),
(408, 22, '62.00'),
(409, 11, '70.00'),
(410, 4, '95.00'),
(411, 21, '9.00'),
(412, 17, '28.00'),
(413, 12, '86.00'),
(414, 6, '14.00'),
(415, 1, '91.00'),
(416, 12, '100.00'),
(417, 23, '74.00'),
(418, 20, '84.00'),
(419, 22, '66.00'),
(420, 15, '75.00'),
(421, 22, '32.00'),
(422, 20, '99.00'),
(423, 5, '3.00'),
(424, 20, '26.00'),
(425, 20, '9.00'),
(426, 14, '18.00'),
(427, 23, '72.00'),
(428, 25, '47.00'),
(429, 9, '58.00'),
(430, 24, '94.00'),
(431, 8, '11.00'),
(432, 17, '56.00'),
(433, 5, '58.00'),
(434, 2, '23.00'),
(435, 1, '31.00'),
(436, 10, '49.00'),
(437, 5, '86.00'),
(438, 9, '30.00'),
(439, 13, '13.00'),
(440, 2, '3.00'),
(441, 20, '95.00'),
(442, 6, '79.00'),
(443, 5, '99.00'),
(444, 23, '48.00'),
(445, 16, '31.00'),
(446, 7, '35.00'),
(447, 25, '81.00'),
(448, 5, '59.00'),
(449, 1, '4.00'),
(450, 14, '25.00'),
(451, 13, '50.00'),
(452, 18, '35.00'),
(453, 4, '82.00'),
(454, 20, '100.00'),
(455, 1, '38.00'),
(456, 16, '92.00'),
(457, 16, '15.00'),
(458, 16, '61.00'),
(459, 5, '34.00'),
(460, 13, '28.00'),
(461, 8, '100.00'),
(462, 11, '93.00'),
(463, 21, '20.00'),
(464, 19, '34.00'),
(465, 6, '72.00'),
(466, 17, '44.00'),
(467, 16, '53.00'),
(468, 7, '4.00'),
(469, 20, '75.00'),
(470, 18, '43.00'),
(471, 14, '90.00'),
(472, 8, '13.00'),
(473, 7, '5.00'),
(474, 9, '22.00'),
(475, 18, '34.00'),
(476, 19, '10.00'),
(477, 23, '79.00'),
(478, 19, '13.00'),
(479, 9, '60.00'),
(480, 5, '92.00'),
(481, 11, '94.00'),
(482, 14, '23.00'),
(483, 1, '45.00'),
(484, 18, '89.00'),
(485, 24, '78.00'),
(486, 20, '85.00'),
(487, 21, '44.00'),
(488, 14, '35.00'),
(489, 18, '9.00'),
(490, 7, '39.00'),
(491, 16, '66.00'),
(492, 2, '14.00'),
(493, 23, '4.00'),
(494, 16, '53.00'),
(495, 24, '63.00'),
(496, 15, '5.00'),
(497, 5, '44.00'),
(498, 4, '63.00'),
(499, 17, '19.00'),
(500, 6, '17.00'),
(501, 13, '98.00'),
(502, 21, '100.00'),
(503, 19, '7.00'),
(504, 11, '65.00'),
(505, 5, '82.00'),
(506, 8, '91.00'),
(507, 4, '8.00'),
(508, 6, '46.00'),
(509, 19, '79.00'),
(510, 9, '55.00'),
(511, 15, '5.00'),
(512, 1, '82.00'),
(513, 17, '27.00'),
(514, 22, '35.00'),
(515, 14, '34.00'),
(516, 10, '68.00'),
(517, 6, '28.00'),
(518, 24, '51.00'),
(519, 23, '42.00'),
(520, 18, '38.00'),
(521, 15, '77.00'),
(522, 21, '100.00'),
(523, 19, '4.00'),
(524, 21, '20.00'),
(525, 22, '75.00'),
(526, 18, '99.00'),
(527, 2, '89.00'),
(528, 15, '13.00'),
(529, 5, '18.00'),
(530, 2, '30.00'),
(531, 18, '60.00'),
(532, 11, '62.00'),
(533, 4, '37.00'),
(534, 20, '76.00'),
(535, 23, '13.00'),
(536, 12, '44.00'),
(537, 15, '58.00'),
(538, 25, '46.00'),
(539, 10, '92.00'),
(540, 8, '26.00'),
(541, 3, '46.00'),
(542, 8, '67.00'),
(543, 8, '4.00'),
(544, 14, '79.00'),
(545, 25, '16.00'),
(546, 14, '28.00'),
(547, 25, '54.00'),
(548, 10, '47.00'),
(549, 15, '37.00'),
(550, 5, '81.00'),
(551, 18, '20.00'),
(552, 25, '22.00'),
(553, 22, '93.00');

-- --------------------------------------------------------

--
-- Structure de la table `composition_val_nutritionnelles`
--

DROP TABLE IF EXISTS `composition_val_nutritionnelles`;
CREATE TABLE IF NOT EXISTS `composition_val_nutritionnelles` (
  `id_val_nutritionnelle` int DEFAULT NULL,
  `id_aliment` int DEFAULT NULL,
  `quantite_composition` decimal(5,2) DEFAULT NULL,
  KEY `id_aliment_cplx` (`id_val_nutritionnelle`),
  KEY `id_aliment` (`id_aliment`)
) ;

--
-- Déchargement des données de la table `composition_val_nutritionnelles`
--

INSERT INTO `composition_val_nutritionnelles` (`id_val_nutritionnelle`, `id_aliment`, `quantite_composition`) VALUES
(1, 1, '100.00'),
(2, 1, '0.30'),
(3, 1, '0.10'),
(4, 1, '14.00'),
(5, 1, '9.00'),
(6, 1, '2.00'),
(7, 1, '0.60'),
(8, 1, '0.00'),
(1, 2, '165.00'),
(2, 2, '3.60'),
(3, 2, '1.00'),
(4, 2, '0.00'),
(5, 2, '0.00'),
(6, 2, '0.00'),
(7, 2, '31.00'),
(8, 2, '0.07'),
(1, 3, '130.00'),
(2, 3, '0.30'),
(3, 3, '0.10'),
(4, 3, '28.70'),
(5, 3, '0.10'),
(6, 3, '1.30'),
(7, 3, '2.70'),
(8, 3, '0.00'),
(1, 4, '41.00'),
(2, 4, '0.20'),
(3, 4, '0.00'),
(4, 4, '10.00'),
(5, 4, '4.70'),
(6, 4, '2.80'),
(7, 4, '0.90'),
(8, 4, '0.08'),
(1, 5, '206.00'),
(2, 5, '13.40'),
(3, 5, '2.20'),
(4, 5, '0.00'),
(5, 5, '0.00'),
(6, 5, '0.00'),
(7, 5, '20.40'),
(8, 5, '0.06'),
(1, 6, '100.00'),
(2, 6, '0.70'),
(3, 6, '0.10'),
(4, 6, '5.50'),
(5, 6, '0.60'),
(6, 6, '3.70'),
(7, 6, '0.60'),
(8, 6, '0.02'),
(9, 6, '30.00'),
(1, 7, '100.00'),
(2, 7, '0.30'),
(3, 7, '0.00'),
(4, 7, '14.00'),
(5, 7, '9.00'),
(6, 7, '2.00'),
(7, 7, '0.30'),
(8, 7, '0.00'),
(9, 7, '0.00'),
(10, 7, '0.00'),
(1, 8, '100.00'),
(2, 8, '2.60'),
(3, 8, '1.10'),
(4, 8, '0.00'),
(5, 8, '0.00'),
(6, 8, '0.00'),
(7, 8, '26.50'),
(8, 8, '0.00'),
(9, 8, '0.00'),
(10, 8, '0.00'),
(1, 9, '100.00'),
(2, 9, '2.60'),
(3, 9, '1.10'),
(4, 9, '55.30'),
(5, 9, '0.70'),
(6, 9, '2.50'),
(7, 9, '11.20'),
(8, 9, '0.00'),
(9, 9, '0.00'),
(10, 9, '0.00'),
(1, 10, '100.00'),
(2, 10, '0.20'),
(3, 10, '0.10'),
(4, 10, '3.50'),
(5, 10, '2.60'),
(6, 10, '1.20'),
(7, 10, '1.30'),
(8, 10, '0.30'),
(9, 10, '0.01'),
(10, 10, '0.02'),
(1, 11, '65.00'),
(2, 11, '0.40'),
(3, 11, '0.00'),
(4, 11, '13.80'),
(5, 11, '9.18'),
(6, 11, '2.10'),
(7, 11, '1.60'),
(8, 11, '0.02'),
(9, 11, '0.00'),
(10, 11, '0.29'),
(1, 12, '130.00'),
(2, 12, '0.90'),
(3, 12, '0.30'),
(4, 12, '0.00'),
(5, 12, '0.00'),
(6, 12, '0.00'),
(7, 12, '29.00'),
(8, 12, '0.60'),
(9, 12, '0.00'),
(10, 12, '56.00'),
(1, 13, '13.00'),
(2, 13, '0.30'),
(3, 13, '0.10'),
(4, 13, '2.20'),
(5, 13, '1.70'),
(6, 13, '1.00'),
(7, 13, '1.20'),
(8, 13, '0.03'),
(9, 13, '0.00'),
(10, 13, '30.00'),
(1, 14, '999.99'),
(2, 14, '34.00'),
(3, 14, '21.10'),
(4, 14, '0.50'),
(5, 14, '0.00'),
(6, 14, '0.00'),
(7, 14, '25.00'),
(8, 14, '1.50'),
(9, 14, '0.00'),
(10, 14, '190.00'),
(1, 15, '200.00'),
(2, 15, '10.40'),
(3, 15, '6.70'),
(4, 15, '12.20'),
(5, 15, '12.20'),
(6, 15, '0.00'),
(7, 15, '6.40'),
(8, 15, '0.10'),
(9, 15, '0.00'),
(10, 15, '10.40'),
(1, 16, '131.00'),
(2, 16, '0.60'),
(3, 16, '0.20'),
(4, 16, '6.80'),
(5, 16, '1.20'),
(6, 16, '2.30'),
(7, 16, '8.20'),
(8, 16, '0.03'),
(9, 16, '0.00'),
(10, 16, '24.00'),
(1, 17, '263.00'),
(2, 17, '0.50'),
(3, 17, '0.10'),
(4, 17, '16.10'),
(5, 17, '13.90'),
(6, 17, '1.60'),
(7, 17, '1.10'),
(8, 17, '0.03'),
(9, 17, '0.00'),
(10, 17, '11.00'),
(1, 18, '999.99'),
(2, 18, '28.00'),
(3, 18, '18.00'),
(4, 18, '58.00'),
(5, 18, '56.00'),
(6, 18, '7.00'),
(7, 18, '5.00'),
(8, 18, '0.01'),
(9, 18, '0.00'),
(10, 18, '109.00'),
(1, 19, '999.99'),
(2, 19, '54.00'),
(3, 19, '4.00'),
(4, 19, '4.90'),
(5, 19, '4.40'),
(6, 19, '12.00'),
(7, 19, '21.00'),
(8, 19, '0.01'),
(9, 19, '0.00'),
(10, 19, '268.00'),
(1, 20, '999.99'),
(2, 20, '14.80'),
(3, 20, '3.50'),
(4, 20, '1.20'),
(5, 20, '0.00'),
(6, 20, '1.30'),
(7, 20, '21.00'),
(8, 20, '0.70'),
(9, 20, '0.00'),
(10, 20, '19.00');

-- --------------------------------------------------------

--
-- Structure de la table `niveau_sport`
--

DROP TABLE IF EXISTS `niveau_sport`;
CREATE TABLE IF NOT EXISTS `niveau_sport` (
  `id_niveau_sport` int NOT NULL AUTO_INCREMENT,
  `nom_niveau_sport` varchar(50) DEFAULT NULL,
  `coef_sport` decimal(5,2) DEFAULT NULL,
  PRIMARY KEY (`id_niveau_sport`)
) ;

--
-- Déchargement des données de la table `niveau_sport`
--

INSERT INTO `niveau_sport` (`id_niveau_sport`, `nom_niveau_sport`, `coef_sport`) VALUES
(0, 'Nulle', '1.00'),
(1, 'Faible', '1.37'),
(2, 'Moyenne', '1.55'),
(3, 'Soutenu', '1.80'),
(4, 'Forte', '2.00');

-- --------------------------------------------------------

--
-- Structure de la table `repas`
--

DROP TABLE IF EXISTS `repas`;
CREATE TABLE IF NOT EXISTS `repas` (
  `id_repas` int NOT NULL AUTO_INCREMENT,
  `id_utilisateur` int DEFAULT NULL,
  `date_mange` date DEFAULT NULL,
  PRIMARY KEY (`id_repas`),
  KEY `id_utilisateur` (`id_utilisateur`)
) ;

--
-- Déchargement des données de la table `repas`
--

INSERT INTO `repas` (`id_repas`, `id_utilisateur`, `date_mange`) VALUES
(1, 2, '2023-10-25'),
(2, 3, '2022-10-25'),
(3, 4, '2021-10-25'),
(4, 2, '2023-11-05'),
(5, 3, '2023-11-05'),
(6, 5, '2023-11-05'),
(7, 2, '2023-11-05'),
(8, 7, '2023-11-05'),
(9, 3, '2023-11-05'),
(10, 3, '2023-11-05'),
(11, 2, '2023-11-05'),
(12, 7, '2023-11-05'),
(13, 7, '2023-11-05'),
(14, 5, '2023-11-05'),
(15, 5, '2023-11-05'),
(16, 7, '2023-11-05'),
(17, 3, '2023-11-05'),
(18, 4, '2023-11-05'),
(19, 6, '2023-11-05'),
(20, 2, '2023-11-05'),
(21, 3, '2023-11-05'),
(22, 7, '2023-11-05'),
(23, 7, '2023-11-05'),
(24, 2, '2023-11-05'),
(25, 4, '2023-11-05'),
(26, 3, '2023-11-05'),
(27, 6, '2023-11-05'),
(28, 5, '2023-11-05'),
(29, 2, '2023-11-05'),
(30, 3, '2023-11-05'),
(31, 5, '2023-11-05'),
(32, 5, '2023-11-05'),
(33, 7, '2023-11-05'),
(34, 5, '2023-11-05'),
(35, 2, '2023-11-05'),
(36, 7, '2023-11-05'),
(37, 2, '2023-11-05'),
(38, 4, '2023-11-05'),
(39, 6, '2023-11-05'),
(40, 3, '2023-11-05'),
(41, 7, '2023-11-05'),
(42, 3, '2023-11-05'),
(43, 6, '2023-11-05'),
(44, 7, '2023-11-05'),
(45, 5, '2023-11-05'),
(46, 3, '2023-11-05'),
(47, 6, '2023-11-05'),
(48, 5, '2023-11-05'),
(49, 5, '2023-11-05'),
(50, 4, '2023-11-05'),
(51, 3, '2023-11-05'),
(52, 7, '2023-11-05'),
(53, 3, '2023-11-05'),
(54, 7, '2023-11-06'),
(55, 6, '2023-11-06'),
(56, 3, '2023-11-06'),
(57, 7, '2023-11-06'),
(58, 5, '2023-11-06'),
(59, 5, '2023-11-06'),
(60, 6, '2023-11-06'),
(61, 2, '2023-11-06'),
(62, 3, '2023-11-06'),
(63, 5, '2023-11-06'),
(64, 6, '2023-11-06'),
(65, 5, '2023-11-06'),
(66, 7, '2023-11-06'),
(67, 3, '2023-11-06'),
(68, 7, '2023-11-06'),
(69, 2, '2023-11-06'),
(70, 3, '2023-11-06'),
(71, 2, '2023-11-06'),
(72, 2, '2023-11-06'),
(73, 3, '2023-11-06'),
(74, 3, '2023-11-06'),
(75, 4, '2023-11-06'),
(76, 7, '2023-11-06'),
(77, 5, '2023-11-06'),
(78, 4, '2023-11-06'),
(79, 7, '2023-11-06'),
(80, 5, '2023-11-06'),
(81, 3, '2023-11-06'),
(82, 4, '2023-11-06'),
(83, 4, '2023-11-06'),
(84, 2, '2023-11-06'),
(85, 4, '2023-11-06'),
(86, 3, '2023-11-06'),
(87, 4, '2023-11-06'),
(88, 3, '2023-11-06'),
(89, 3, '2023-11-06'),
(90, 3, '2023-11-06'),
(91, 6, '2023-11-06'),
(92, 5, '2023-11-06'),
(93, 7, '2023-11-06'),
(94, 7, '2023-11-06'),
(95, 4, '2023-11-06'),
(96, 7, '2023-11-06'),
(97, 7, '2023-11-06'),
(98, 4, '2023-11-06'),
(99, 6, '2023-11-06'),
(100, 4, '2023-11-06'),
(101, 5, '2023-11-06'),
(102, 6, '2023-11-06'),
(103, 3, '2023-11-06'),
(104, 3, '2023-11-07'),
(105, 5, '2023-11-07'),
(106, 4, '2023-11-07'),
(107, 4, '2023-11-07'),
(108, 5, '2023-11-07'),
(109, 3, '2023-11-07'),
(110, 5, '2023-11-07'),
(111, 5, '2023-11-07'),
(112, 2, '2023-11-07'),
(113, 7, '2023-11-07'),
(114, 5, '2023-11-07'),
(115, 6, '2023-11-07'),
(116, 5, '2023-11-07'),
(117, 4, '2023-11-07'),
(118, 4, '2023-11-07'),
(119, 4, '2023-11-07'),
(120, 6, '2023-11-07'),
(121, 6, '2023-11-07'),
(122, 7, '2023-11-07'),
(123, 3, '2023-11-07'),
(124, 7, '2023-11-07'),
(125, 2, '2023-11-07'),
(126, 6, '2023-11-07'),
(127, 7, '2023-11-07'),
(128, 6, '2023-11-07'),
(129, 6, '2023-11-07'),
(130, 4, '2023-11-07'),
(131, 2, '2023-11-07'),
(132, 2, '2023-11-07'),
(133, 5, '2023-11-07'),
(134, 4, '2023-11-07'),
(135, 3, '2023-11-07'),
(136, 6, '2023-11-07'),
(137, 6, '2023-11-07'),
(138, 2, '2023-11-07'),
(139, 7, '2023-11-07'),
(140, 2, '2023-11-07'),
(141, 6, '2023-11-07'),
(142, 7, '2023-11-07'),
(143, 3, '2023-11-07'),
(144, 6, '2023-11-07'),
(145, 2, '2023-11-07'),
(146, 5, '2023-11-07'),
(147, 3, '2023-11-07'),
(148, 4, '2023-11-07'),
(149, 2, '2023-11-07'),
(150, 7, '2023-11-07'),
(151, 4, '2023-11-07'),
(152, 4, '2023-11-07'),
(153, 4, '2023-11-07'),
(154, 6, '2023-11-08'),
(155, 5, '2023-11-08'),
(156, 3, '2023-11-08'),
(157, 2, '2023-11-08'),
(158, 7, '2023-11-08'),
(159, 3, '2023-11-08'),
(160, 4, '2023-11-08'),
(161, 5, '2023-11-08'),
(162, 7, '2023-11-08'),
(163, 6, '2023-11-08'),
(164, 3, '2023-11-08'),
(165, 7, '2023-11-08'),
(166, 2, '2023-11-08'),
(167, 3, '2023-11-08'),
(168, 7, '2023-11-08'),
(169, 5, '2023-11-08'),
(170, 7, '2023-11-08'),
(171, 5, '2023-11-08'),
(172, 3, '2023-11-08'),
(173, 3, '2023-11-08'),
(174, 5, '2023-11-08'),
(175, 4, '2023-11-08'),
(176, 7, '2023-11-08'),
(177, 7, '2023-11-08'),
(178, 7, '2023-11-08'),
(179, 2, '2023-11-08'),
(180, 4, '2023-11-08'),
(181, 4, '2023-11-08'),
(182, 7, '2023-11-08'),
(183, 3, '2023-11-08'),
(184, 2, '2023-11-08'),
(185, 4, '2023-11-08'),
(186, 6, '2023-11-08'),
(187, 7, '2023-11-08'),
(188, 3, '2023-11-08'),
(189, 5, '2023-11-08'),
(190, 2, '2023-11-08'),
(191, 7, '2023-11-08'),
(192, 4, '2023-11-08'),
(193, 4, '2023-11-08'),
(194, 5, '2023-11-08'),
(195, 6, '2023-11-08'),
(196, 5, '2023-11-08'),
(197, 4, '2023-11-08'),
(198, 5, '2023-11-08'),
(199, 7, '2023-11-08'),
(200, 4, '2023-11-08'),
(201, 3, '2023-11-08'),
(202, 4, '2023-11-08'),
(203, 4, '2023-11-08'),
(204, 7, '2023-11-09'),
(205, 2, '2023-11-09'),
(206, 4, '2023-11-09'),
(207, 3, '2023-11-09'),
(208, 3, '2023-11-09'),
(209, 5, '2023-11-09'),
(210, 5, '2023-11-09'),
(211, 3, '2023-11-09'),
(212, 5, '2023-11-09'),
(213, 4, '2023-11-09'),
(214, 5, '2023-11-09'),
(215, 3, '2023-11-09'),
(216, 2, '2023-11-09'),
(217, 3, '2023-11-09'),
(218, 6, '2023-11-09'),
(219, 2, '2023-11-09'),
(220, 4, '2023-11-09'),
(221, 6, '2023-11-09'),
(222, 6, '2023-11-09'),
(223, 4, '2023-11-09'),
(224, 6, '2023-11-09'),
(225, 3, '2023-11-09'),
(226, 5, '2023-11-09'),
(227, 7, '2023-11-09'),
(228, 6, '2023-11-09'),
(229, 7, '2023-11-09'),
(230, 2, '2023-11-09'),
(231, 2, '2023-11-09'),
(232, 2, '2023-11-09'),
(233, 6, '2023-11-09'),
(234, 2, '2023-11-09'),
(235, 6, '2023-11-09'),
(236, 6, '2023-11-09'),
(237, 7, '2023-11-09'),
(238, 5, '2023-11-09'),
(239, 6, '2023-11-09'),
(240, 6, '2023-11-09'),
(241, 6, '2023-11-09'),
(242, 3, '2023-11-09'),
(243, 3, '2023-11-09'),
(244, 5, '2023-11-09'),
(245, 5, '2023-11-09'),
(246, 6, '2023-11-09'),
(247, 2, '2023-11-09'),
(248, 3, '2023-11-09'),
(249, 6, '2023-11-09'),
(250, 7, '2023-11-09'),
(251, 6, '2023-11-09'),
(252, 3, '2023-11-09'),
(253, 5, '2023-11-09'),
(254, 6, '2023-11-10'),
(255, 7, '2023-11-10'),
(256, 5, '2023-11-10'),
(257, 3, '2023-11-10'),
(258, 3, '2023-11-10'),
(259, 5, '2023-11-10'),
(260, 2, '2023-11-10'),
(261, 6, '2023-11-10'),
(262, 4, '2023-11-10'),
(263, 6, '2023-11-10'),
(264, 6, '2023-11-10'),
(265, 6, '2023-11-10'),
(266, 3, '2023-11-10'),
(267, 7, '2023-11-10'),
(268, 7, '2023-11-10'),
(269, 7, '2023-11-10'),
(270, 2, '2023-11-10'),
(271, 6, '2023-11-10'),
(272, 5, '2023-11-10'),
(273, 6, '2023-11-10'),
(274, 7, '2023-11-10'),
(275, 4, '2023-11-10'),
(276, 3, '2023-11-10'),
(277, 2, '2023-11-10'),
(278, 3, '2023-11-10'),
(279, 7, '2023-11-10'),
(280, 3, '2023-11-10'),
(281, 5, '2023-11-10'),
(282, 3, '2023-11-10'),
(283, 7, '2023-11-10'),
(284, 4, '2023-11-10'),
(285, 6, '2023-11-10'),
(286, 2, '2023-11-10'),
(287, 6, '2023-11-10'),
(288, 6, '2023-11-10'),
(289, 5, '2023-11-10'),
(290, 6, '2023-11-10'),
(291, 7, '2023-11-10'),
(292, 5, '2023-11-10'),
(293, 2, '2023-11-10'),
(294, 4, '2023-11-10'),
(295, 6, '2023-11-10'),
(296, 7, '2023-11-10'),
(297, 7, '2023-11-10'),
(298, 4, '2023-11-10'),
(299, 5, '2023-11-10'),
(300, 6, '2023-11-10'),
(301, 6, '2023-11-10'),
(302, 5, '2023-11-10'),
(303, 7, '2023-11-10'),
(304, 2, '2023-11-11'),
(305, 4, '2023-11-11'),
(306, 6, '2023-11-11'),
(307, 5, '2023-11-11'),
(308, 4, '2023-11-11'),
(309, 5, '2023-11-11'),
(310, 5, '2023-11-11'),
(311, 6, '2023-11-11'),
(312, 3, '2023-11-11'),
(313, 2, '2023-11-11'),
(314, 3, '2023-11-11'),
(315, 6, '2023-11-11'),
(316, 3, '2023-11-11'),
(317, 5, '2023-11-11'),
(318, 4, '2023-11-11'),
(319, 7, '2023-11-11'),
(320, 3, '2023-11-11'),
(321, 2, '2023-11-11'),
(322, 3, '2023-11-11'),
(323, 5, '2023-11-11'),
(324, 7, '2023-11-11'),
(325, 3, '2023-11-11'),
(326, 3, '2023-11-11'),
(327, 3, '2023-11-11'),
(328, 3, '2023-11-11'),
(329, 5, '2023-11-11'),
(330, 6, '2023-11-11'),
(331, 7, '2023-11-11'),
(332, 3, '2023-11-11'),
(333, 7, '2023-11-11'),
(334, 5, '2023-11-11'),
(335, 5, '2023-11-11'),
(336, 4, '2023-11-11'),
(337, 2, '2023-11-11'),
(338, 2, '2023-11-11'),
(339, 2, '2023-11-11'),
(340, 7, '2023-11-11'),
(341, 6, '2023-11-11'),
(342, 6, '2023-11-11'),
(343, 6, '2023-11-11'),
(344, 6, '2023-11-11'),
(345, 5, '2023-11-11'),
(346, 4, '2023-11-11'),
(347, 4, '2023-11-11'),
(348, 6, '2023-11-11'),
(349, 3, '2023-11-11'),
(350, 3, '2023-11-11'),
(351, 5, '2023-11-11'),
(352, 3, '2023-11-11'),
(353, 4, '2023-11-11'),
(354, 3, '2023-11-12'),
(355, 4, '2023-11-12'),
(356, 3, '2023-11-12'),
(357, 3, '2023-11-12'),
(358, 2, '2023-11-12'),
(359, 5, '2023-11-12'),
(360, 2, '2023-11-12'),
(361, 4, '2023-11-12'),
(362, 2, '2023-11-12'),
(363, 5, '2023-11-12'),
(364, 2, '2023-11-12'),
(365, 2, '2023-11-12'),
(366, 4, '2023-11-12'),
(367, 7, '2023-11-12'),
(368, 7, '2023-11-12'),
(369, 4, '2023-11-12'),
(370, 3, '2023-11-12'),
(371, 3, '2023-11-12'),
(372, 5, '2023-11-12'),
(373, 7, '2023-11-12'),
(374, 4, '2023-11-12'),
(375, 4, '2023-11-12'),
(376, 2, '2023-11-12'),
(377, 4, '2023-11-12'),
(378, 5, '2023-11-12'),
(379, 6, '2023-11-12'),
(380, 7, '2023-11-12'),
(381, 4, '2023-11-12'),
(382, 2, '2023-11-12'),
(383, 5, '2023-11-12'),
(384, 3, '2023-11-12'),
(385, 2, '2023-11-12'),
(386, 4, '2023-11-12'),
(387, 7, '2023-11-12'),
(388, 2, '2023-11-12'),
(389, 2, '2023-11-12'),
(390, 4, '2023-11-12'),
(391, 3, '2023-11-12'),
(392, 2, '2023-11-12'),
(393, 6, '2023-11-12'),
(394, 6, '2023-11-12'),
(395, 7, '2023-11-12'),
(396, 2, '2023-11-12'),
(397, 2, '2023-11-12'),
(398, 6, '2023-11-12'),
(399, 3, '2023-11-12'),
(400, 3, '2023-11-12'),
(401, 6, '2023-11-12'),
(402, 2, '2023-11-12'),
(403, 7, '2023-11-12'),
(404, 2, '2023-11-13'),
(405, 3, '2023-11-13'),
(406, 5, '2023-11-13'),
(407, 4, '2023-11-13'),
(408, 3, '2023-11-13'),
(409, 4, '2023-11-13'),
(410, 3, '2023-11-13'),
(411, 3, '2023-11-13'),
(412, 7, '2023-11-13'),
(413, 4, '2023-11-13'),
(414, 7, '2023-11-13'),
(415, 2, '2023-11-13'),
(416, 4, '2023-11-13'),
(417, 5, '2023-11-13'),
(418, 7, '2023-11-13'),
(419, 7, '2023-11-13'),
(420, 6, '2023-11-13'),
(421, 2, '2023-11-13'),
(422, 7, '2023-11-13'),
(423, 5, '2023-11-13'),
(424, 5, '2023-11-13'),
(425, 7, '2023-11-13'),
(426, 2, '2023-11-13'),
(427, 3, '2023-11-13'),
(428, 6, '2023-11-13'),
(429, 4, '2023-11-13'),
(430, 7, '2023-11-13'),
(431, 6, '2023-11-13'),
(432, 5, '2023-11-13'),
(433, 6, '2023-11-13'),
(434, 4, '2023-11-13'),
(435, 7, '2023-11-13'),
(436, 4, '2023-11-13'),
(437, 3, '2023-11-13'),
(438, 6, '2023-11-13'),
(439, 4, '2023-11-13'),
(440, 2, '2023-11-13'),
(441, 7, '2023-11-13'),
(442, 4, '2023-11-13'),
(443, 3, '2023-11-13'),
(444, 4, '2023-11-13'),
(445, 5, '2023-11-13'),
(446, 5, '2023-11-13'),
(447, 2, '2023-11-13'),
(448, 2, '2023-11-13'),
(449, 4, '2023-11-13'),
(450, 2, '2023-11-13'),
(451, 5, '2023-11-13'),
(452, 2, '2023-11-13'),
(453, 5, '2023-11-13'),
(454, 5, '2023-11-14'),
(455, 5, '2023-11-14'),
(456, 6, '2023-11-14'),
(457, 6, '2023-11-14'),
(458, 6, '2023-11-14'),
(459, 3, '2023-11-14'),
(460, 2, '2023-11-14'),
(461, 6, '2023-11-14'),
(462, 2, '2023-11-14'),
(463, 3, '2023-11-14'),
(464, 4, '2023-11-14'),
(465, 4, '2023-11-14'),
(466, 7, '2023-11-14'),
(467, 3, '2023-11-14'),
(468, 6, '2023-11-14'),
(469, 4, '2023-11-14'),
(470, 4, '2023-11-14'),
(471, 7, '2023-11-14'),
(472, 6, '2023-11-14'),
(473, 6, '2023-11-14'),
(474, 4, '2023-11-14'),
(475, 2, '2023-11-14'),
(476, 5, '2023-11-14'),
(477, 3, '2023-11-14'),
(478, 3, '2023-11-14'),
(479, 4, '2023-11-14'),
(480, 7, '2023-11-14'),
(481, 2, '2023-11-14'),
(482, 4, '2023-11-14'),
(483, 5, '2023-11-14'),
(484, 3, '2023-11-14'),
(485, 3, '2023-11-14'),
(486, 2, '2023-11-14'),
(487, 7, '2023-11-14'),
(488, 6, '2023-11-14'),
(489, 2, '2023-11-14'),
(490, 3, '2023-11-14'),
(491, 2, '2023-11-14'),
(492, 4, '2023-11-14'),
(493, 4, '2023-11-14'),
(494, 5, '2023-11-14'),
(495, 6, '2023-11-14'),
(496, 3, '2023-11-14'),
(497, 4, '2023-11-14'),
(498, 6, '2023-11-14'),
(499, 6, '2023-11-14'),
(500, 7, '2023-11-14'),
(501, 3, '2023-11-14'),
(502, 4, '2023-11-14'),
(503, 5, '2023-11-14'),
(504, 2, '2023-11-15'),
(505, 2, '2023-11-15'),
(506, 5, '2023-11-15'),
(507, 5, '2023-11-15'),
(508, 7, '2023-11-15'),
(509, 5, '2023-11-15'),
(510, 6, '2023-11-15'),
(511, 5, '2023-11-15'),
(512, 4, '2023-11-15'),
(513, 2, '2023-11-15'),
(514, 4, '2023-11-15'),
(515, 2, '2023-11-15'),
(516, 2, '2023-11-15'),
(517, 3, '2023-11-15'),
(518, 6, '2023-11-15'),
(519, 6, '2023-11-15'),
(520, 4, '2023-11-15'),
(521, 6, '2023-11-15'),
(522, 2, '2023-11-15'),
(523, 5, '2023-11-15'),
(524, 7, '2023-11-15'),
(525, 4, '2023-11-15'),
(526, 3, '2023-11-15'),
(527, 6, '2023-11-15'),
(528, 3, '2023-11-15'),
(529, 7, '2023-11-15'),
(530, 3, '2023-11-15'),
(531, 3, '2023-11-15'),
(532, 7, '2023-11-15'),
(533, 6, '2023-11-15'),
(534, 4, '2023-11-15'),
(535, 4, '2023-11-15'),
(536, 7, '2023-11-15'),
(537, 6, '2023-11-15'),
(538, 2, '2023-11-15'),
(539, 4, '2023-11-15'),
(540, 4, '2023-11-15'),
(541, 4, '2023-11-15'),
(542, 7, '2023-11-15'),
(543, 4, '2023-11-15'),
(544, 3, '2023-11-15'),
(545, 3, '2023-11-15'),
(546, 6, '2023-11-15'),
(547, 6, '2023-11-15'),
(548, 6, '2023-11-15'),
(549, 3, '2023-11-15'),
(550, 2, '2023-11-15'),
(551, 4, '2023-11-15'),
(552, 7, '2023-11-15'),
(553, 2, '2023-11-15');

-- --------------------------------------------------------

--
-- Structure de la table `utilisateurs`
--

DROP TABLE IF EXISTS `utilisateurs`;
CREATE TABLE IF NOT EXISTS `utilisateurs` (
  `id_utilisateur` int NOT NULL AUTO_INCREMENT,
  `id_niveau_sport` int DEFAULT '0',
  `role` varchar(50) DEFAULT 'membre',
  `identifiant` varchar(50) CHARACTER SET utf8mb4  DEFAULT NULL,
  `mdp` varchar(255) CHARACTER SET utf8mb4  DEFAULT NULL,
  `nom_de_famille` varchar(50) DEFAULT NULL,
  `prenom` varchar(50) DEFAULT NULL,
  `genre` varchar(10) DEFAULT NULL,
  `age` int DEFAULT NULL,
  `taille` decimal(5,2) DEFAULT NULL,
  `poids` decimal(5,2) DEFAULT NULL,
  PRIMARY KEY (`id_utilisateur`),
  UNIQUE KEY `identifiant` (`identifiant`),
  KEY `id_niveau_sport` (`id_niveau_sport`)
);

--
-- Déchargement des données de la table `utilisateurs`
--

INSERT INTO `utilisateurs` (`id_utilisateur`, `id_niveau_sport`, `role`, `identifiant`, `mdp`, `nom_de_famille`, `prenom`, `genre`, `age`, `taille`, `poids`) VALUES
(0, NULL, 'admin', 'root', 'root', NULL, NULL, NULL, NULL, NULL, NULL),
(2, 1, 'membre', 'utilisateur1', 'mdp1', 'Smith', 'John', 'homme', 30, '170.50', '70.00'),
(3, 3, 'membre', 'utilisateur2', 'mdp2', 'Johnson', 'Emily', 'femme', 35, '165.00', '65.00'),
(4, 0, 'membre', 'utilisateur3', 'mdp3', 'Brown', 'Alex', 'autre', 28, '180.00', '80.00'),
(5, 2, 'membre', 'utilisateur4', 'mdp4', 'Davis', 'Oliver', 'homme', 32, '175.00', '75.00'),
(6, 1, 'membre', 'utilisateur5', 'mdp5', 'Martinez', 'Sophia', 'femme', 29, '160.00', '60.00'),
(7, 3, 'membre', 'utilisateur6', 'mdp6', 'Miller', 'Mason', 'homme', 34, '172.00', '70.00'),
(8, 0, 'membre', 'utilisateur7', 'mdp7', 'Wilson', 'Harper', 'autre', 31, '168.00', '68.00'),
(9, 2, 'membre', 'utilisateur8', 'mdp8', 'Lee', 'Ella', 'homme', 27, '176.00', '72.00'),
(10, 1, 'membre', 'utilisateur9', 'mdp9', 'Garcia', 'Avery', 'femme', 33, '162.00', '62.00'),
(11, 3, 'membre', 'utilisateur10', 'mdp10', 'Taylor', 'Noah', 'homme', 30, '170.00', '70.00'),
(12, 0, 'membre', 'utilisateur11', 'mdp11', 'Hernandez', 'Liam', 'femme', 35, '165.00', '65.00'),
(13, 2, 'membre', 'utilisateur12', 'mdp12', 'Perez', 'Quinn', 'autre', 28, '180.00', '80.00'),
(14, 1, 'membre', 'utilisateur13', 'mdp13', 'Turner', 'Evelyn', 'homme', 32, '175.00', '75.00'),
(15, 3, 'membre', 'utilisateur14', 'mdp14', 'King', 'Zoe', 'femme', 29, '160.00', '60.00'),
(16, 0, 'membre', 'utilisateur15', 'mdp15', 'Adams', 'Aiden', 'homme', 34, '172.00', '70.00'),
(17, 2, 'membre', 'utilisateur16', 'mdp16', 'Wright', 'Aria', 'autre', 31, '168.00', '68.00'),
(18, 1, 'membre', 'utilisateur17', 'mdp17', 'Green', 'Emma', 'homme', 27, '176.00', '72.00'),
(19, 3, 'membre', 'utilisateur18', 'mdp18', 'Collins', 'Liam', 'femme', 33, '162.00', '62.00'),
(20, 0, 'membre', 'utilisateur19', 'mdp19', 'Clark', 'Madison', 'homme', 30, '170.00', '70.00'),
(21, 2, 'membre', 'utilisateur20', 'mdp20', 'Taylor', 'Riley', 'autre', 35, '165.00', '65.00');

-- --------------------------------------------------------

--
-- Structure de la table `valeurs_nutritionnelles`
--

DROP TABLE IF EXISTS `valeurs_nutritionnelles`;
CREATE TABLE IF NOT EXISTS `valeurs_nutritionnelles` (
  `id_composition` int NOT NULL AUTO_INCREMENT,
  `nom_composition` varchar(100) DEFAULT NULL,
  PRIMARY KEY (`id_composition`)
) ;

--
-- Déchargement des données de la table `valeurs_nutritionnelles`
--

INSERT INTO `valeurs_nutritionnelles` (`id_composition`, `nom_composition`) VALUES
(1, 'Énergie'),
(2, 'Matières grasses'),
(3, 'Acides gras saturés'),
(4, 'Glucides'),
(5, 'Sucres'),
(6, 'Fibres alimentaires'),
(7, 'Protéines'),
(8, 'Sel'),
(9, 'Vitamines'),
(10, 'Magnésium');
COMMIT;
